MDL_YR,FCTRY_CD,MDL_NM,ENG_CYL,DAYS_TO_SALE,DTS_BIN,QTY
2013,ELP,CRV,4,0,0-30,10
2013,ELP,CRV,4,1,0-30,54
2013,ELP,CRV,4,2,0-30,174
2013,ELP,CRV,4,3,0-30,352
2013,ELP,CRV,4,4,0-30,554
2013,ELP,CRV,4,5,0-30,739
2013,ELP,CRV,4,6,0-30,897
2013,ELP,CRV,4,7,0-30,1480
2013,ELP,CRV,4,34,31-60,1670
2013,ELP,CRV,4,38,31-60,1608
2013,ELP,CRV,4,42,31-60,1468
2013,ELP,CRV,4,46,31-60,1183
2013,ELP,CRV,4,50,31-60,1125
2013,ELP,CRV,4,54,31-60,847
2013,ELP,CRV,4,58,31-60,750
2013,ELP,CRV,4,61,61-90,659
2013,ELP,CRV,4,64,61-90,660
2013,ELP,CRV,4,68,61-90,594
2013,ELP,CRV,4,72,61-90,512
2013,ELP,CRV,4,76,61-90,431
2013,ELP,CRV,4,80,61-90,425
2013,ELP,CRV,4,84,61-90,347
2013,ELP,CRV,4,88,61-90,300
2013,ELP,CRV,4,91,91-120,318
2013,ELP,CRV,4,95,91-120,272
2013,ELP,CRV,4,96,91-120,242
2013,ELP,CRV,4,100,91-120,241
2013,ELP,CRV,4,104,91-120,187
2013,ELP,CRV,4,108,91-120,204
2013,ELP,CRV,4,112,91-120,205
2013,ELP,CRV,4,116,91-120,165
2013,ELP,CRV,4,120,91-120,148
2013,ELP,CRV,4,124,121-150,142
2013,ELP,CRV,4,127,121-150,129
2013,ELP,CRV,4,133,121-150,125
2013,ELP,CRV,4,134,121-150,108
2013,ELP,CRV,4,136,121-150,116
2013,ELP,CRV,4,139,121-150,84
2013,ELP,CRV,4,148,121-150,101
2013,ELP,CRV,4,156,151-180,71
2013,ELP,CRV,4,159,151-180,51
2013,ELP,CRV,4,161,151-180,79
2013,ELP,CRV,4,162,151-180,80
2013,ELP,CRV,4,172,151-180,54
2013,ELP,CRV,4,175,151-180,53
2013,ELP,CRV,4,176,151-180,42
2013,ELP,CRV,4,179,151-180,37
2013,ELP,CRV,4,188,181-210,36
2013,ELP,CRV,4,191,181-210,35
2013,ELP,CRV,4,197,181-210,33
2013,ELP,CRV,4,198,181-210,22
2013,ELP,CRV,4,200,181-210,30
2013,ELP,CRV,4,203,181-210,29
2013,ELP,CRV,4,220,211-240,19
2013,ELP,CRV,4,223,211-240,17
2013,ELP,CRV,4,225,211-240,12
2013,ELP,CRV,4,226,211-240,22
2013,ELP,CRV,4,236,211-240,12
2013,ELP,CRV,4,239,211-240,11
2013,ELP,CRV,4,240,211-240,15
2013,ELP,CRV,4,244,241-270,10
2013,ELP,CRV,4,247,241-270,8
2013,ELP,CRV,4,249,241-270,18
2013,ELP,CRV,4,250,241-270,16
2013,ELP,CRV,4,257,241-270,5
2013,ELP,CRV,4,258,241-270,8
2013,ELP,CRV,4,268,241-270,4
2013,ELP,CRV,4,276,271-300,10
2013,ELP,CRV,4,279,271-300,8
2013,ELP,CRV,4,281,271-300,6
2013,ELP,CRV,4,292,271-300,3
2013,ELP,CRV,4,295,271-300,3
2013,ELP,CRV,4,297,271-300,4
2013,ELP,CRV,4,298,271-300,5
2013,ELP,CRV,4,308,301-330,6
2013,ELP,CRV,4,311,301-330,3
2013,ELP,CRV,4,313,301-330,5
2013,ELP,CRV,4,314,301-330,6
2013,ELP,CRV,4,320,301-330,2
2013,ELP,CRV,4,323,301-330,6
2013,ELP,CRV,4,341,331-360,2
2013,ELP,CRV,4,342,331-360,5
2013,ELP,CRV,4,344,331-360,1
2013,ELP,CRV,4,347,331-360,3
2013,ELP,CRV,4,357,331-360,2
2013,ELP,CRV,4,358,331-360,1
2013,ELP,CRV,4,360,331-360,2
2013,ELP,CRV,4,363,> 360,1
2013,ELP,CRV,4,371,> 360,1
2013,ELP,CRV,4,379,> 360,1
2013,ELP,CRV,4,383,> 360,4
2013,ELP,CRV,4,384,> 360,1
2013,ELP,CRV,4,388,> 360,1
2013,ELP,CRV,4,396,> 360,2
2013,ELP,CRV,4,400,> 360,1
2013,ELP,CRV,4,404,> 360,2
2013,ELP,CRV,4,416,> 360,3
2013,ELP,CRV,4,420,> 360,2
2013,ELP,CRV,4,424,> 360,1
2013,ELP,CRV,4,436,> 360,1
2013,ELP,CRV,4,449,> 360,1
2013,ELP,CRV,4,461,> 360,1
2013,ELP,CRV,4,465,> 360,1
2013,ELP,CRV,4,469,> 360,2
2013,ELP,CRV,4,477,> 360,1
2013,HMIN,CIVIC,4,0,0-30,2
2013,HMIN,CIVIC,4,1,0-30,22
2013,HMIN,CIVIC,4,2,0-30,100
2013,HMIN,CIVIC,4,3,0-30,199
2013,HMIN,CIVIC,4,4,0-30,296
2013,HMIN,CIVIC,4,5,0-30,476
2013,HMIN,CIVIC,4,6,0-30,486
2013,HMIN,CIVIC,4,7,0-30,725
2013,HMIN,CIVIC,4,34,31-60,2254
2013,HMIN,CIVIC,4,38,31-60,2426
2013,HMIN,CIVIC,4,42,31-60,2052
2013,HMIN,CIVIC,4,46,31-60,1898
2013,HMIN,CIVIC,4,50,31-60,1652
2013,HMIN,CIVIC,4,54,31-60,1513
2013,HMIN,CIVIC,4,58,31-60,1257
2013,HMIN,CIVIC,4,61,61-90,1189
2013,HMIN,CIVIC,4,64,61-90,1166
2013,HMIN,CIVIC,4,68,61-90,1071
2013,HMIN,CIVIC,4,72,61-90,983
2013,HMIN,CIVIC,4,76,61-90,781
2013,HMIN,CIVIC,4,80,61-90,820
2013,HMIN,CIVIC,4,84,61-90,748
2013,HMIN,CIVIC,4,88,61-90,727
2013,HMIN,CIVIC,4,91,91-120,661
2013,HMIN,CIVIC,4,95,91-120,625
2013,HMIN,CIVIC,4,96,91-120,584
2013,HMIN,CIVIC,4,100,91-120,564
2013,HMIN,CIVIC,4,104,91-120,512
2013,HMIN,CIVIC,4,108,91-120,484
2013,HMIN,CIVIC,4,112,91-120,444
2013,HMIN,CIVIC,4,116,91-120,427
2013,HMIN,CIVIC,4,120,91-120,381
2013,HMIN,CIVIC,4,121,121-150,398
2013,HMIN,CIVIC,4,122,121-150,379
2013,HMIN,CIVIC,4,128,121-150,362
2013,HMIN,CIVIC,4,131,121-150,357
2013,HMIN,CIVIC,4,141,121-150,259
2013,HMIN,CIVIC,4,142,121-150,269
2013,HMIN,CIVIC,4,145,121-150,251
2013,HMIN,CIVIC,4,146,121-150,224
2013,HMIN,CIVIC,4,151,151-180,233
2013,HMIN,CIVIC,4,153,151-180,198
2013,HMIN,CIVIC,4,154,151-180,182
2013,HMIN,CIVIC,4,164,151-180,176
2013,HMIN,CIVIC,4,167,151-180,145
2013,HMIN,CIVIC,4,169,151-180,168
2013,HMIN,CIVIC,4,170,151-180,166
2013,HMIN,CIVIC,4,183,181-210,138
2013,HMIN,CIVIC,4,185,181-210,125
2013,HMIN,CIVIC,4,186,181-210,142
2013,HMIN,CIVIC,4,192,181-210,123
2013,HMIN,CIVIC,4,195,181-210,97
2013,HMIN,CIVIC,4,205,181-210,94
2013,HMIN,CIVIC,4,206,181-210,96
2013,HMIN,CIVIC,4,209,181-210,79
2013,HMIN,CIVIC,4,210,181-210,94
2013,HMIN,CIVIC,4,212,211-240,85
2013,HMIN,CIVIC,4,215,211-240,69
2013,HMIN,CIVIC,4,217,211-240,100
2013,HMIN,CIVIC,4,218,211-240,70
2013,HMIN,CIVIC,4,228,211-240,75
2013,HMIN,CIVIC,4,231,211-240,71
2013,HMIN,CIVIC,4,233,211-240,61
2013,HMIN,CIVIC,4,234,211-240,77
2013,HMIN,CIVIC,4,241,241-270,53
2013,HMIN,CIVIC,4,242,241-270,70
2013,HMIN,CIVIC,4,252,241-270,52
2013,HMIN,CIVIC,4,255,241-270,50
2013,HMIN,CIVIC,4,260,241-270,46
2013,HMIN,CIVIC,4,263,241-270,64
2013,HMIN,CIVIC,4,265,241-270,32
2013,HMIN,CIVIC,4,266,241-270,37
2013,HMIN,CIVIC,4,273,271-300,44
2013,HMIN,CIVIC,4,274,271-300,45
2013,HMIN,CIVIC,4,284,271-300,16
2013,HMIN,CIVIC,4,287,271-300,30
2013,HMIN,CIVIC,4,289,271-300,22
2013,HMIN,CIVIC,4,290,271-300,20
2013,HMIN,CIVIC,4,300,271-300,23
2013,HMIN,CIVIC,4,301,301-330,20
2013,HMIN,CIVIC,4,302,301-330,26
2013,HMIN,CIVIC,4,305,301-330,20
2013,HMIN,CIVIC,4,306,301-330,11
2013,HMIN,CIVIC,4,316,301-330,22
2013,HMIN,CIVIC,4,319,301-330,29
2013,HMIN,CIVIC,4,325,301-330,12
2013,HMIN,CIVIC,4,326,301-330,18
2013,HMIN,CIVIC,4,328,301-330,15
2013,HMIN,CIVIC,4,332,331-360,12
2013,HMIN,CIVIC,4,335,331-360,14
2013,HMIN,CIVIC,4,336,331-360,9
2013,HMIN,CIVIC,4,339,331-360,7
2013,HMIN,CIVIC,4,349,331-360,3
2013,HMIN,CIVIC,4,350,331-360,9
2013,HMIN,CIVIC,4,352,331-360,4
2013,HMIN,CIVIC,4,355,331-360,6
2013,HMIN,CIVIC,4,363,> 360,6
2013,HMIN,CIVIC,4,367,> 360,8
2013,HMIN,CIVIC,4,371,> 360,2
2013,HMIN,CIVIC,4,375,> 360,2
2013,HMIN,CIVIC,4,379,> 360,5
2013,HMIN,CIVIC,4,383,> 360,5
2013,HMIN,CIVIC,4,384,> 360,4
2013,HMIN,CIVIC,4,388,> 360,1
2013,HMIN,CIVIC,4,392,> 360,1
2013,HMIN,CIVIC,4,396,> 360,1
2013,HMIN,CIVIC,4,404,> 360,1
2013,HMIN,CIVIC,4,424,> 360,1
2013,HMIN,ILX,4,8,0-30,13
2013,ELP,CRV,4,24,0-30,2949
2013,ELP,CRV,4,25,0-30,2731
2013,ELP,CRV,4,26,0-30,2453
2013,ELP,CRV,4,27,0-30,2174
2013,ELP,CRV,4,28,0-30,2566
2013,ELP,CRV,4,29,0-30,2440
2013,ELP,CRV,4,30,0-30,2280
2013,ELP,CRV,4,33,31-60,1853
2013,ELP,CRV,4,37,31-60,1657
2013,ELP,CRV,4,41,31-60,1249
2013,ELP,CRV,4,45,31-60,1236
2013,ELP,CRV,4,49,31-60,1102
2013,ELP,CRV,4,53,31-60,916
2013,ELP,CRV,4,57,31-60,812
2013,ELP,CRV,4,62,61-90,626
2013,ELP,CRV,4,67,61-90,581
2013,ELP,CRV,4,71,61-90,558
2013,ELP,CRV,4,75,61-90,483
2013,ELP,CRV,4,79,61-90,417
2013,ELP,CRV,4,83,61-90,324
2013,ELP,CRV,4,87,61-90,330
2013,ELP,CRV,4,94,91-120,314
2013,ELP,CRV,4,97,91-120,233
2013,ELP,CRV,4,101,91-120,242
2013,ELP,CRV,4,105,91-120,212
2013,ELP,CRV,4,109,91-120,195
2013,ELP,CRV,4,113,91-120,188
2013,ELP,CRV,4,117,91-120,159
2013,ELP,CRV,4,125,121-150,124
2013,ELP,CRV,4,126,121-150,127
2013,ELP,CRV,4,132,121-150,94
2013,ELP,CRV,4,135,121-150,105
2013,ELP,CRV,4,137,121-150,106
2013,ELP,CRV,4,138,121-150,100
2013,ELP,CRV,4,149,121-150,80
2013,ELP,CRV,4,150,121-150,94
2013,ELP,CRV,4,157,151-180,77
2013,ELP,CRV,4,158,151-180,80
2013,ELP,CRV,4,160,151-180,69
2013,ELP,CRV,4,163,151-180,41
2013,ELP,CRV,4,173,151-180,55
2013,ELP,CRV,4,174,151-180,30
2013,ELP,CRV,4,177,151-180,43
2013,ELP,CRV,4,178,151-180,50
2013,ELP,CRV,4,189,181-210,39
2013,ELP,CRV,4,190,181-210,27
2013,ELP,CRV,4,196,181-210,27
2013,ELP,CRV,4,199,181-210,25
2013,ELP,CRV,4,201,181-210,23
2013,ELP,CRV,4,202,181-210,17
2013,ELP,CRV,4,211,211-240,22
2013,ELP,CRV,4,221,211-240,16
2013,ELP,CRV,4,222,211-240,13
2013,ELP,CRV,4,224,211-240,26
2013,ELP,CRV,4,227,211-240,21
2013,ELP,CRV,4,237,211-240,13
2013,ELP,CRV,4,238,211-240,12
2013,ELP,CRV,4,245,241-270,16
2013,ELP,CRV,4,246,241-270,19
2013,ELP,CRV,4,248,241-270,8
2013,ELP,CRV,4,251,241-270,9
2013,ELP,CRV,4,256,241-270,7
2013,ELP,CRV,4,259,241-270,6
2013,ELP,CRV,4,269,241-270,16
2013,ELP,CRV,4,270,241-270,10
2013,ELP,CRV,4,277,271-300,6
2013,ELP,CRV,4,278,271-300,10
2013,ELP,CRV,4,280,271-300,8
2013,ELP,CRV,4,283,271-300,10
2013,ELP,CRV,4,293,271-300,4
2013,ELP,CRV,4,294,271-300,4
2013,ELP,CRV,4,296,271-300,4
2013,ELP,CRV,4,299,271-300,10
2013,HMIN,ILX,4,9,0-30,28
2013,HMIN,ILX,4,10,0-30,34
2013,HMIN,ILX,4,11,0-30,30
2013,HMIN,ILX,4,12,0-30,35
2013,HMIN,ILX,4,13,0-30,57
2013,HMIN,ILX,4,14,0-30,77
2013,HMIN,ILX,4,15,0-30,74
2013,HMIN,ILX,4,31,31-60,155
2013,HMIN,ILX,4,35,31-60,128
2013,HMIN,ILX,4,39,31-60,137
2013,HMIN,ILX,4,43,31-60,137
2013,HMIN,ILX,4,47,31-60,135
2013,HMIN,ILX,4,51,31-60,152
2013,HMIN,ILX,4,55,31-60,112
2013,HMIN,ILX,4,59,31-60,127
2013,HMIN,ILX,4,65,61-90,121
2013,HMIN,ILX,4,69,61-90,93
2013,HMIN,ILX,4,73,61-90,128
2013,HMIN,ILX,4,77,61-90,79
2013,HMIN,ILX,4,81,61-90,119
2013,HMIN,ILX,4,85,61-90,91
2013,HMIN,ILX,4,89,61-90,112
2013,HMIN,ILX,4,93,91-120,93
2013,HMIN,ILX,4,98,91-120,85
2013,HMIN,ILX,4,102,91-120,88
2013,HMIN,ILX,4,106,91-120,104
2013,HMIN,ILX,4,110,91-120,82
2013,HMIN,ILX,4,114,91-120,84
2013,HMIN,ILX,4,118,91-120,70
2013,HMIN,ILX,4,124,121-150,74
2013,HMIN,ILX,4,127,121-150,80
2013,HMIN,ILX,4,133,121-150,80
2013,HMIN,ILX,4,134,121-150,78
2013,HMIN,ILX,4,136,121-150,70
2013,HMIN,ILX,4,139,121-150,49
2013,HMIN,ILX,4,148,121-150,70
2013,HMIN,ILX,4,156,151-180,68
2013,HMIN,ILX,4,159,151-180,55
2013,HMIN,ILX,4,161,151-180,59
2013,HMIN,ILX,4,162,151-180,67
2013,HMIN,ILX,4,172,151-180,73
2013,HMIN,ILX,4,175,151-180,60
2013,HMIN,ILX,4,176,151-180,59
2013,HMIN,ILX,4,179,151-180,64
2013,HMIN,ILX,4,188,181-210,58
2013,HMIN,ILX,4,191,181-210,53
2013,HMIN,ILX,4,197,181-210,66
2013,HMIN,ILX,4,198,181-210,51
2013,HMIN,ILX,4,200,181-210,77
2013,HMIN,ILX,4,203,181-210,62
2013,HMIN,ILX,4,220,211-240,55
2013,HMIN,ILX,4,223,211-240,41
2013,HMIN,ILX,4,225,211-240,66
2013,HMIN,ILX,4,226,211-240,63
2013,HMIN,ILX,4,236,211-240,37
2013,HMIN,ILX,4,239,211-240,52
2013,HMIN,ILX,4,240,211-240,51
2013,HMIN,ILX,4,244,241-270,49
2013,HMIN,ILX,4,247,241-270,50
2013,HMIN,ILX,4,249,241-270,48
2013,HMIN,ILX,4,250,241-270,40
2013,HMIN,ILX,4,257,241-270,49
2013,HMIN,ILX,4,258,241-270,32
2013,HMIN,ILX,4,268,241-270,34
2013,HMIN,ILX,4,276,271-300,34
2013,HMIN,ILX,4,279,271-300,29
2013,HMIN,ILX,4,281,271-300,41
2013,HMIN,ILX,4,282,271-300,33
2013,HMIN,ILX,4,292,271-300,32
2013,HMIN,ILX,4,295,271-300,40
2013,HMIN,ILX,4,297,271-300,32
2013,HMIN,ILX,4,298,271-300,24
2013,ELP,CRV,4,16,0-30,3807
2013,ELP,CRV,4,17,0-30,3634
2013,ELP,CRV,4,18,0-30,3519
2013,ELP,CRV,4,19,0-30,3358
2013,ELP,CRV,4,20,0-30,2917
2013,ELP,CRV,4,21,0-30,3369
2013,ELP,CRV,4,22,0-30,3167
2013,ELP,CRV,4,23,0-30,2993
2013,ELP,CRV,4,32,31-60,2046
2013,ELP,CRV,4,36,31-60,1772
2013,ELP,CRV,4,40,31-60,1472
2013,ELP,CRV,4,44,31-60,1286
2013,ELP,CRV,4,48,31-60,965
2013,ELP,CRV,4,52,31-60,948
2013,ELP,CRV,4,56,31-60,852
2013,ELP,CRV,4,60,31-60,713
2013,ELP,CRV,4,63,61-90,685
2013,ELP,CRV,4,66,61-90,673
2013,ELP,CRV,4,70,61-90,601
2013,ELP,CRV,4,74,61-90,506
2013,ELP,CRV,4,78,61-90,445
2013,ELP,CRV,4,82,61-90,371
2013,ELP,CRV,4,86,61-90,328
2013,ELP,CRV,4,90,61-90,298
2013,ELP,CRV,4,93,91-120,300
2013,ELP,CRV,4,98,91-120,258
2013,ELP,CRV,4,102,91-120,250
2013,ELP,CRV,4,106,91-120,212
2013,ELP,CRV,4,110,91-120,175
2013,ELP,CRV,4,114,91-120,167
2013,ELP,CRV,4,118,91-120,126
2013,ELP,CRV,4,123,121-150,130
2013,ELP,CRV,4,129,121-150,141
2013,ELP,CRV,4,130,121-150,137
2013,ELP,CRV,4,140,121-150,105
2013,ELP,CRV,4,143,121-150,104
2013,ELP,CRV,4,144,121-150,89
2013,ELP,CRV,4,147,121-150,100
2013,ELP,CRV,4,152,151-180,78
2013,ELP,CRV,4,155,151-180,70
2013,ELP,CRV,4,165,151-180,61
2013,ELP,CRV,4,166,151-180,54
2013,ELP,CRV,4,168,151-180,59
2013,ELP,CRV,4,171,151-180,57
2013,ELP,CRV,4,180,151-180,50
2013,ELP,CRV,4,181,181-210,31
2013,ELP,CRV,4,182,181-210,39
2013,ELP,CRV,4,184,181-210,26
2013,ELP,CRV,4,187,181-210,40
2013,ELP,CRV,4,193,181-210,28
2013,ELP,CRV,4,194,181-210,41
2013,ELP,CRV,4,204,181-210,32
2013,ELP,CRV,4,207,181-210,26
2013,ELP,CRV,4,208,181-210,28
2013,ELP,CRV,4,213,211-240,12
2013,ELP,CRV,4,214,211-240,21
2013,ELP,CRV,4,216,211-240,12
2013,ELP,CRV,4,219,211-240,21
2013,ELP,CRV,4,229,211-240,19
2013,ELP,CRV,4,230,211-240,10
2013,ELP,CRV,4,232,211-240,18
2013,ELP,CRV,4,235,211-240,10
2013,ELP,CRV,4,243,241-270,12
2013,ELP,CRV,4,253,241-270,9
2013,ELP,CRV,4,254,241-270,10
2013,ELP,CRV,4,261,241-270,5
2013,ELP,CRV,4,262,241-270,13
2013,ELP,CRV,4,264,241-270,6
2013,ELP,CRV,4,267,241-270,7
2013,ELP,CRV,4,271,271-300,4
2013,ELP,CRV,4,272,271-300,6
2013,ELP,CRV,4,275,271-300,6
2013,ELP,CRV,4,285,271-300,8
2013,ELP,CRV,4,309,301-330,8
2013,ELP,CRV,4,310,301-330,6
2013,ELP,CRV,4,312,301-330,6
2013,ELP,CRV,4,315,301-330,2
2013,ELP,CRV,4,321,301-330,3
2013,ELP,CRV,4,322,301-330,2
2013,ELP,CRV,4,331,331-360,2
2013,ELP,CRV,4,340,331-360,2
2013,ELP,CRV,4,343,331-360,2
2013,ELP,CRV,4,346,331-360,3
2013,ELP,CRV,4,356,331-360,4
2013,ELP,CRV,4,359,331-360,2
2013,ELP,CRV,4,364,> 360,1
2013,ELP,CRV,4,368,> 360,3
2013,ELP,CRV,4,372,> 360,3
2013,ELP,CRV,4,380,> 360,1
2013,ELP,CRV,4,387,> 360,2
2013,ELP,CRV,4,399,> 360,1
2013,ELP,CRV,4,415,> 360,1
2013,ELP,CRV,4,439,> 360,1
2013,ELP,CRV,4,450,> 360,1
2013,ELP,CRV,4,462,> 360,1
2013,ELP,CRV,4,466,> 360,1
2013,ELP,CRV,4,470,> 360,1
2013,ELP,CRV,4,478,> 360,1
2013,HMIN,CIVIC,4,24,0-30,3189
2013,HMIN,CIVIC,4,25,0-30,3182
2013,HMIN,CIVIC,4,26,0-30,3040
2013,HMIN,CIVIC,4,27,0-30,2534
2013,HMIN,CIVIC,4,28,0-30,2770
2013,HMIN,CIVIC,4,29,0-30,2841
2013,HMIN,CIVIC,4,30,0-30,2744
2013,HMIN,CIVIC,4,33,31-60,2677
2013,HMIN,CIVIC,4,37,31-60,2336
2013,HMIN,CIVIC,4,41,31-60,1876
2013,HMIN,CIVIC,4,45,31-60,1968
2013,HMIN,CIVIC,4,49,31-60,1649
2013,HMIN,CIVIC,4,53,31-60,1599
2013,HMIN,CIVIC,4,57,31-60,1386
2013,HMIN,CIVIC,4,62,61-90,1015
2013,HMIN,CIVIC,4,67,61-90,1123
2013,HMIN,CIVIC,4,71,61-90,1056
2013,HMIN,CIVIC,4,75,61-90,911
2013,HMIN,CIVIC,4,79,61-90,825
2013,HMIN,CIVIC,4,83,61-90,673
2013,HMIN,CIVIC,4,87,61-90,753
2013,HMIN,CIVIC,4,94,91-120,631
2013,HMIN,CIVIC,4,97,91-120,558
2013,HMIN,CIVIC,4,101,91-120,628
2013,HMIN,CIVIC,4,105,91-120,492
2013,HMIN,CIVIC,4,109,91-120,471
2013,HMIN,CIVIC,4,113,91-120,452
2013,HMIN,CIVIC,4,117,91-120,394
2013,HMIN,CIVIC,4,123,121-150,376
2013,HMIN,CIVIC,4,129,121-150,359
2013,HMIN,CIVIC,4,130,121-150,372
2013,HMIN,CIVIC,4,140,121-150,283
2013,HMIN,CIVIC,4,143,121-150,278
2013,HMIN,CIVIC,4,144,121-150,278
2013,HMIN,CIVIC,4,147,121-150,241
2013,HMIN,CIVIC,4,152,151-180,243
2013,HMIN,CIVIC,4,155,151-180,196
2013,HMIN,CIVIC,4,165,151-180,181
2013,HMIN,CIVIC,4,166,151-180,184
2013,HMIN,CIVIC,4,168,151-180,167
2013,HMIN,CIVIC,4,171,151-180,165
2013,HMIN,CIVIC,4,180,151-180,141
2013,HMIN,CIVIC,4,181,181-210,137
2013,HMIN,CIVIC,4,182,181-210,141
2013,HMIN,CIVIC,4,184,181-210,117
2013,HMIN,CIVIC,4,187,181-210,137
2013,HMIN,ILX,4,308,301-330,24
2013,HMIN,ILX,4,311,301-330,26
2013,HMIN,ILX,4,313,301-330,28
2013,HMIN,ILX,4,314,301-330,27
2013,HMIN,ILX,4,320,301-330,24
2013,HMIN,ILX,4,323,301-330,35
2013,HMIN,ILX,4,341,331-360,28
2013,HMIN,ILX,4,342,331-360,18
2013,HMIN,ILX,4,344,331-360,26
2013,HMIN,ILX,4,347,331-360,21
2013,HMIN,ILX,4,357,331-360,16
2013,HMIN,ILX,4,358,331-360,23
2013,HMIN,ILX,4,360,331-360,27
2013,HMIN,ILX,4,362,> 360,23
2013,HMIN,ILX,4,366,> 360,12
2013,HMIN,ILX,4,370,> 360,14
2013,HMIN,ILX,4,374,> 360,21
2013,HMIN,ILX,4,378,> 360,31
2013,HMIN,ILX,4,382,> 360,20
2013,HMIN,ILX,4,385,> 360,26
2013,HMIN,ILX,4,389,> 360,17
2013,HMIN,ILX,4,393,> 360,15
2013,HMIN,ILX,4,397,> 360,17
2013,HMIN,ILX,4,401,> 360,8
2013,HMIN,ILX,4,405,> 360,8
2013,HMIN,ILX,4,409,> 360,8
2013,HMIN,ILX,4,413,> 360,10
2013,HMIN,ILX,4,417,> 360,15
2013,HMIN,ILX,4,421,> 360,14
2013,HMIN,ILX,4,425,> 360,10
2013,HMIN,ILX,4,429,> 360,3
2013,HMIN,ILX,4,433,> 360,5
2013,HMIN,ILX,4,437,> 360,8
2013,HMIN,ILX,4,441,> 360,17
2013,HMIN,ILX,4,445,> 360,7
2013,HMIN,ILX,4,448,> 360,10
2013,HMIN,ILX,4,452,> 360,5
2013,HMIN,ILX,4,456,> 360,11
2013,HMIN,ILX,4,460,> 360,11
2013,HMIN,ILX,4,464,> 360,5
2013,HMIN,ILX,4,468,> 360,6
2013,HMIN,ILX,4,472,> 360,7
2013,HMIN,ILX,4,476,> 360,8
2013,HMIN,ILX,4,480,> 360,6
2013,HMIN,ILX,4,484,> 360,2
2013,HMIN,ILX,4,488,> 360,4
2013,HMIN,ILX,4,492,> 360,3
2013,HMIN,ILX,4,496,> 360,5
2013,HMIN,ILX,4,500,> 360,3
2013,HMIN,ILX,4,504,> 360,6
2013,HMIN,ILX,4,508,> 360,5
2013,HMIN,ILX,4,522,> 360,1
2013,HMIN,ILX,4,526,> 360,3
2013,HMIN,ILX,4,530,> 360,4
2013,HMIN,ILX,4,542,> 360,1
2013,HMIN,ILX,4,546,> 360,5
2013,HMIN,ILX,4,550,> 360,3
2013,HMIN,ILX,4,554,> 360,3
2013,HMIN,ILX,4,562,> 360,5
2013,HMIN,ILX,4,570,> 360,2
2013,HMIN,ILX,4,579,> 360,1
2013,HMIN,ILX,4,583,> 360,1
2013,HMIN,ILX,4,595,> 360,1
2013,MAP,ACCORD,4,24,0-30,5854
2013,MAP,ACCORD,4,25,0-30,5616
2013,MAP,ACCORD,4,26,0-30,5210
2013,MAP,ACCORD,4,27,0-30,4367
2013,MAP,ACCORD,4,28,0-30,5121
2013,MAP,ACCORD,4,29,0-30,4993
2013,MAP,ACCORD,4,30,0-30,4631
2013,MAP,ACCORD,4,34,31-60,3602
2013,MAP,ACCORD,4,38,31-60,3647
2013,ELP,CRV,4,8,0-30,1907
2013,ELP,CRV,4,9,0-30,2156
2013,ELP,CRV,4,10,0-30,2605
2013,ELP,CRV,4,11,0-30,2886
2013,ELP,CRV,4,12,0-30,3153
2013,ELP,CRV,4,13,0-30,3217
2013,ELP,CRV,4,14,0-30,4019
2013,ELP,CRV,4,15,0-30,3852
2013,ELP,CRV,4,31,31-60,2146
2013,ELP,CRV,4,35,31-60,1856
2013,ELP,CRV,4,39,31-60,1630
2013,ELP,CRV,4,43,31-60,1354
2013,ELP,CRV,4,47,31-60,1168
2013,ELP,CRV,4,51,31-60,981
2013,ELP,CRV,4,55,31-60,697
2013,ELP,CRV,4,59,31-60,738
2013,ELP,CRV,4,65,61-90,604
2013,ELP,CRV,4,69,61-90,533
2013,ELP,CRV,4,73,61-90,477
2013,ELP,CRV,4,77,61-90,495
2013,ELP,CRV,4,81,61-90,408
2013,ELP,CRV,4,85,61-90,359
2013,ELP,CRV,4,89,61-90,288
2013,ELP,CRV,4,92,91-120,311
2013,ELP,CRV,4,99,91-120,259
2013,ELP,CRV,4,103,91-120,236
2013,ELP,CRV,4,107,91-120,223
2013,ELP,CRV,4,111,91-120,161
2013,ELP,CRV,4,115,91-120,168
2013,ELP,CRV,4,119,91-120,165
2013,ELP,CRV,4,121,121-150,152
2013,ELP,CRV,4,122,121-150,139
2013,ELP,CRV,4,128,121-150,126
2013,ELP,CRV,4,131,121-150,142
2013,ELP,CRV,4,141,121-150,99
2013,ELP,CRV,4,142,121-150,85
2013,ELP,CRV,4,145,121-150,110
2013,ELP,CRV,4,146,121-150,78
2013,ELP,CRV,4,151,151-180,67
2013,ELP,CRV,4,153,151-180,57
2013,ELP,CRV,4,154,151-180,62
2013,ELP,CRV,4,164,151-180,57
2013,ELP,CRV,4,167,151-180,41
2013,ELP,CRV,4,169,151-180,59
2013,ELP,CRV,4,170,151-180,52
2013,ELP,CRV,4,183,181-210,41
2013,ELP,CRV,4,185,181-210,48
2013,ELP,CRV,4,186,181-210,29
2013,ELP,CRV,4,192,181-210,39
2013,ELP,CRV,4,195,181-210,34
2013,ELP,CRV,4,205,181-210,18
2013,ELP,CRV,4,206,181-210,30
2013,ELP,CRV,4,209,181-210,24
2013,ELP,CRV,4,210,181-210,22
2013,ELP,CRV,4,212,211-240,23
2013,ELP,CRV,4,215,211-240,18
2013,ELP,CRV,4,217,211-240,26
2013,ELP,CRV,4,218,211-240,25
2013,ELP,CRV,4,228,211-240,18
2013,ELP,CRV,4,231,211-240,18
2013,ELP,CRV,4,233,211-240,16
2013,ELP,CRV,4,234,211-240,20
2013,ELP,CRV,4,241,241-270,13
2013,ELP,CRV,4,242,241-270,12
2013,ELP,CRV,4,252,241-270,14
2013,ELP,CRV,4,255,241-270,8
2013,ELP,CRV,4,260,241-270,11
2013,ELP,CRV,4,263,241-270,10
2013,ELP,CRV,4,265,241-270,8
2013,ELP,CRV,4,266,241-270,7
2013,ELP,CRV,4,273,271-300,7
2013,ELP,CRV,4,274,271-300,6
2013,ELP,CRV,4,284,271-300,4
2013,HMIN,CIVIC,4,193,181-210,128
2013,HMIN,CIVIC,4,194,181-210,112
2013,HMIN,CIVIC,4,204,181-210,104
2013,HMIN,CIVIC,4,207,181-210,106
2013,HMIN,CIVIC,4,208,181-210,103
2013,HMIN,CIVIC,4,213,211-240,93
2013,HMIN,CIVIC,4,214,211-240,71
2013,HMIN,CIVIC,4,216,211-240,67
2013,HMIN,CIVIC,4,219,211-240,78
2013,HMIN,CIVIC,4,229,211-240,63
2013,HMIN,CIVIC,4,230,211-240,35
2013,HMIN,CIVIC,4,232,211-240,60
2013,HMIN,CIVIC,4,235,211-240,56
2013,HMIN,CIVIC,4,243,241-270,68
2013,HMIN,CIVIC,4,253,241-270,50
2013,HMIN,CIVIC,4,254,241-270,46
2013,HMIN,CIVIC,4,261,241-270,41
2013,HMIN,CIVIC,4,262,241-270,37
2013,HMIN,CIVIC,4,264,241-270,59
2013,HMIN,CIVIC,4,267,241-270,41
2013,HMIN,CIVIC,4,271,271-300,39
2013,HMIN,CIVIC,4,272,271-300,33
2013,HMIN,CIVIC,4,275,271-300,25
2013,HMIN,CIVIC,4,285,271-300,22
2013,HMIN,CIVIC,4,286,271-300,23
2013,HMIN,CIVIC,4,288,271-300,16
2013,HMIN,CIVIC,4,291,271-300,24
2013,HMIN,CIVIC,4,303,301-330,17
2013,HMIN,CIVIC,4,304,301-330,19
2013,HMIN,CIVIC,4,307,301-330,7
2013,HMIN,CIVIC,4,317,301-330,8
2013,HMIN,CIVIC,4,318,301-330,16
2013,HMIN,CIVIC,4,324,301-330,13
2013,HMIN,CIVIC,4,327,301-330,15
2013,HMIN,CIVIC,4,329,301-330,16
2013,HMIN,CIVIC,4,330,301-330,13
2013,HMIN,CIVIC,4,333,331-360,15
2013,HMIN,CIVIC,4,334,331-360,10
2013,HMIN,CIVIC,4,337,331-360,15
2013,HMIN,CIVIC,4,338,331-360,13
2013,HMIN,CIVIC,4,348,331-360,10
2013,HMIN,CIVIC,4,351,331-360,5
2013,HMIN,CIVIC,4,353,331-360,8
2013,HMIN,CIVIC,4,354,331-360,10
2013,HMIN,CIVIC,4,364,> 360,15
2013,HMIN,CIVIC,4,368,> 360,3
2013,HMIN,CIVIC,4,376,> 360,1
2013,HMIN,CIVIC,4,380,> 360,3
2013,HMIN,CIVIC,4,391,> 360,1
2013,HMIN,ILX,4,16,0-30,90
2013,HMIN,ILX,4,17,0-30,105
2013,HMIN,ILX,4,18,0-30,118
2013,HMIN,ILX,4,19,0-30,116
2013,HMIN,ILX,4,20,0-30,121
2013,HMIN,ILX,4,21,0-30,163
2013,HMIN,ILX,4,22,0-30,142
2013,HMIN,ILX,4,23,0-30,143
2013,HMIN,ILX,4,32,31-60,154
2013,HMIN,ILX,4,36,31-60,136
2013,HMIN,ILX,4,40,31-60,129
2013,HMIN,ILX,4,44,31-60,162
2013,HMIN,ILX,4,48,31-60,139
2013,HMIN,ILX,4,52,31-60,122
2013,HMIN,ILX,4,56,31-60,123
2013,HMIN,ILX,4,60,31-60,147
2013,HMIN,ILX,4,63,61-90,106
2013,HMIN,ILX,4,66,61-90,109
2013,HMIN,ILX,4,70,61-90,119
2013,HMIN,ILX,4,74,61-90,107
2013,HMIN,ILX,4,78,61-90,101
2013,HMIN,ILX,4,82,61-90,114
2013,HMIN,ILX,4,86,61-90,79
2013,HMIN,ILX,4,90,61-90,87
2013,HMIN,ILX,4,92,91-120,94
2013,HMIN,ILX,4,99,91-120,98
2013,HMIN,ILX,4,103,91-120,96
2013,HMIN,ILX,4,107,91-120,83
2013,HMIN,ILX,4,111,91-120,90
2013,HMIN,ILX,4,115,91-120,70
2013,HMIN,ILX,4,119,91-120,83
2013,HMIN,ILX,4,125,121-150,71
2013,HMIN,ILX,4,126,121-150,85
2013,HMIN,ILX,4,132,121-150,82
2013,HMIN,ILX,4,135,121-150,78
2013,HMIN,ILX,4,137,121-150,69
2013,HMIN,ILX,4,138,121-150,69
2013,HMIN,ILX,4,149,121-150,61
2013,HMIN,ILX,4,150,121-150,69
2013,HMIN,ILX,4,157,151-180,74
2013,HMIN,ILX,4,158,151-180,76
2013,HMIN,ILX,4,160,151-180,68
2013,HMIN,ILX,4,163,151-180,54
2013,HMIN,ILX,4,173,151-180,63
2013,HMIN,ILX,4,174,151-180,78
2013,HMIN,ILX,4,177,151-180,63
2013,HMIN,ILX,4,178,151-180,61
2013,HMIN,ILX,4,189,181-210,70
2013,HMIN,ILX,4,190,181-210,63
2013,HMIN,ILX,4,196,181-210,59
2013,HMIN,ILX,4,199,181-210,62
2013,HMIN,ILX,4,201,181-210,64
2013,HMIN,ILX,4,202,181-210,52
2013,HMIN,ILX,4,211,211-240,68
2013,HMIN,ILX,4,221,211-240,55
2013,HMIN,ILX,4,222,211-240,54
2013,HMIN,ILX,4,224,211-240,40
2013,HMIN,ILX,4,227,211-240,45
2013,HMIN,ILX,4,237,211-240,43
2013,HMIN,ILX,4,238,211-240,46
2013,HMIN,ILX,4,245,241-270,56
2013,HMIN,ILX,4,246,241-270,44
2013,HMIN,ILX,4,248,241-270,50
2013,HMIN,ILX,4,251,241-270,46
2013,HMIN,ILX,4,256,241-270,40
2013,HMIN,ILX,4,259,241-270,46
2013,HMIN,ILX,4,269,241-270,30
2013,HMIN,ILX,4,270,241-270,25
2013,HMIN,ILX,4,277,271-300,41
2013,HMIN,ILX,4,278,271-300,26
2013,HMIN,ILX,4,280,271-300,36
2013,HMIN,ILX,4,283,271-300,38
2013,HMIN,ILX,4,293,271-300,24
2013,HMIN,ILX,4,294,271-300,28
2013,HMIN,ILX,4,296,271-300,34
2013,HMIN,ILX,4,299,271-300,32
2013,HMIN,ILX,4,309,301-330,29
2013,HMIN,ILX,4,310,301-330,23
2013,HMIN,ILX,4,312,301-330,34
2013,HMIN,ILX,4,315,301-330,21
2013,HMIN,ILX,4,321,301-330,21
2013,HMIN,ILX,4,322,301-330,34
2013,HMIN,ILX,4,331,331-360,24
2013,HMIN,ILX,4,340,331-360,35
2013,HMIN,ILX,4,343,331-360,25
2013,HMIN,ILX,4,345,331-360,24
2013,HMIN,ILX,4,346,331-360,30
2013,HMIN,ILX,4,356,331-360,16
2013,HMIN,ILX,4,359,331-360,22
2013,HMIN,ILX,4,361,> 360,28
2013,HMIN,ILX,4,365,> 360,20
2013,HMIN,ILX,4,369,> 360,20
2013,ELP,CRV,4,286,271-300,3
2013,ELP,CRV,4,288,271-300,5
2013,ELP,CRV,4,291,271-300,7
2013,ELP,CRV,4,303,301-330,2
2013,ELP,CRV,4,304,301-330,8
2013,ELP,CRV,4,307,301-330,3
2013,ELP,CRV,4,317,301-330,3
2013,ELP,CRV,4,318,301-330,2
2013,ELP,CRV,4,324,301-330,1
2013,ELP,CRV,4,327,301-330,4
2013,ELP,CRV,4,329,301-330,5
2013,ELP,CRV,4,330,301-330,4
2013,ELP,CRV,4,333,331-360,2
2013,ELP,CRV,4,334,331-360,3
2013,ELP,CRV,4,337,331-360,2
2013,ELP,CRV,4,338,331-360,3
2013,ELP,CRV,4,348,331-360,4
2013,ELP,CRV,4,351,331-360,3
2013,ELP,CRV,4,353,331-360,1
2013,ELP,CRV,4,354,331-360,1
2013,ELP,CRV,4,361,> 360,1
2013,ELP,CRV,4,369,> 360,1
2013,ELP,CRV,4,377,> 360,1
2013,ELP,CRV,4,381,> 360,1
2013,ELP,CRV,4,394,> 360,2
2013,ELP,CRV,4,398,> 360,2
2013,ELP,CRV,4,402,> 360,2
2013,ELP,CRV,4,410,> 360,1
2013,ELP,CRV,4,418,> 360,1
2013,ELP,CRV,4,455,> 360,1
2013,ELP,CRV,4,463,> 360,1
2013,HMIN,CIVIC,4,16,0-30,2876
2013,HMIN,CIVIC,4,17,0-30,3130
2013,HMIN,CIVIC,4,18,0-30,3225
2013,HMIN,CIVIC,4,19,0-30,3284
2013,HMIN,CIVIC,4,20,0-30,2827
2013,HMIN,CIVIC,4,21,0-30,3247
2013,HMIN,CIVIC,4,22,0-30,3278
2013,HMIN,CIVIC,4,23,0-30,3112
2013,HMIN,CIVIC,4,32,31-60,2679
2013,HMIN,CIVIC,4,36,31-60,2406
2013,HMIN,CIVIC,4,40,31-60,2139
2013,HMIN,CIVIC,4,44,31-60,1923
2013,HMIN,CIVIC,4,48,31-60,1527
2013,HMIN,CIVIC,4,52,31-60,1654
2013,HMIN,CIVIC,4,56,31-60,1317
2013,HMIN,CIVIC,4,60,31-60,1288
2013,HMIN,CIVIC,4,63,61-90,1150
2013,HMIN,CIVIC,4,66,61-90,1201
2013,HMIN,CIVIC,4,70,61-90,1044
2013,HMIN,CIVIC,4,74,61-90,939
2013,HMIN,CIVIC,4,78,61-90,869
2013,HMIN,CIVIC,4,82,61-90,806
2013,HMIN,CIVIC,4,86,61-90,726
2013,HMIN,CIVIC,4,90,61-90,587
2013,HMIN,CIVIC,4,93,91-120,601
2013,HMIN,CIVIC,4,98,91-120,545
2013,HMIN,CIVIC,4,102,91-120,543
2013,HMIN,CIVIC,4,106,91-120,527
2013,HMIN,CIVIC,4,110,91-120,468
2013,HMIN,CIVIC,4,114,91-120,445
2013,HMIN,CIVIC,4,118,91-120,325
2013,HMIN,CIVIC,4,125,121-150,329
2013,HMIN,CIVIC,4,126,121-150,392
2013,HMIN,CIVIC,4,132,121-150,300
2013,HMIN,CIVIC,4,135,121-150,302
2013,HMIN,CIVIC,4,137,121-150,332
2013,HMIN,CIVIC,4,138,121-150,298
2013,HMIN,CIVIC,4,149,121-150,226
2013,HMIN,CIVIC,4,150,121-150,232
2013,HMIN,CIVIC,4,157,151-180,198
2013,MAP,ACCORD,4,42,31-60,3022
2013,MAP,ACCORD,4,46,31-60,2666
2013,MAP,ACCORD,4,50,31-60,2416
2013,MAP,ACCORD,4,54,31-60,2069
2013,MAP,ACCORD,4,58,31-60,1806
2013,MAP,ACCORD,4,61,61-90,1724
2013,MAP,ACCORD,4,64,61-90,1618
2013,MAP,ACCORD,4,68,61-90,1471
2013,MAP,ACCORD,4,72,61-90,1319
2013,MAP,ACCORD,4,76,61-90,1120
2013,MAP,ACCORD,4,80,61-90,1146
2013,MAP,ACCORD,4,84,61-90,1030
2013,MAP,ACCORD,4,88,61-90,925
2013,MAP,ACCORD,4,92,91-120,890
2013,MAP,ACCORD,4,99,91-120,766
2013,MAP,ACCORD,4,103,91-120,728
2013,MAP,ACCORD,4,107,91-120,623
2013,MAP,ACCORD,4,111,91-120,508
2013,MAP,ACCORD,4,115,91-120,588
2013,MAP,ACCORD,4,119,91-120,503
2013,MAP,ACCORD,4,125,121-150,410
2013,MAP,ACCORD,4,126,121-150,534
2013,MAP,ACCORD,4,132,121-150,384
2013,MAP,ACCORD,4,135,121-150,370
2013,MAP,ACCORD,4,137,121-150,419
2013,MAP,ACCORD,4,138,121-150,380
2013,MAP,ACCORD,4,149,121-150,306
2013,MAP,ACCORD,4,150,121-150,360
2013,MAP,ACCORD,4,157,151-180,296
2013,MAP,ACCORD,4,158,151-180,261
2013,MAP,ACCORD,4,160,151-180,257
2013,MAP,ACCORD,4,163,151-180,265
2013,MAP,ACCORD,4,173,151-180,186
2013,MAP,ACCORD,4,174,151-180,196
2013,MAP,ACCORD,4,177,151-180,202
2013,MAP,ACCORD,4,178,151-180,220
2013,MAP,ACCORD,4,189,181-210,170
2013,MAP,ACCORD,4,190,181-210,175
2013,MAP,ACCORD,4,196,181-210,175
2013,MAP,ACCORD,4,199,181-210,154
2013,MAP,ACCORD,4,201,181-210,147
2013,MAP,ACCORD,4,202,181-210,126
2013,MAP,ACCORD,4,211,211-240,128
2013,MAP,ACCORD,4,221,211-240,124
2013,MAP,ACCORD,4,222,211-240,94
2013,MAP,ACCORD,4,224,211-240,109
2013,MAP,ACCORD,4,227,211-240,88
2013,MAP,ACCORD,4,237,211-240,73
2013,MAP,ACCORD,4,238,211-240,84
2013,MAP,ACCORD,4,245,241-270,62
2013,MAP,ACCORD,4,246,241-270,73
2013,MAP,ACCORD,4,248,241-270,67
2013,MAP,ACCORD,4,251,241-270,52
2013,MAP,ACCORD,4,256,241-270,66
2013,MAP,ACCORD,4,259,241-270,65
2013,MAP,ACCORD,4,269,241-270,40
2013,MAP,ACCORD,4,270,241-270,50
2013,MAP,ACCORD,4,277,271-300,44
2013,MAP,ACCORD,4,278,271-300,39
2013,MAP,ACCORD,4,280,271-300,35
2013,MAP,ACCORD,4,283,271-300,30
2013,MAP,ACCORD,4,293,271-300,32
2013,MAP,ACCORD,4,294,271-300,26
2013,MAP,ACCORD,4,296,271-300,25
2013,MAP,ACCORD,4,299,271-300,23
2013,MAP,ACCORD,4,309,301-330,33
2013,MAP,ACCORD,4,310,301-330,23
2013,MAP,ACCORD,4,312,301-330,22
2013,MAP,ACCORD,4,315,301-330,27
2013,HMIN,CIVIC,4,158,151-180,214
2013,HMIN,CIVIC,4,160,151-180,156
2013,HMIN,CIVIC,4,163,151-180,164
2013,HMIN,CIVIC,4,173,151-180,163
2013,HMIN,CIVIC,4,174,151-180,157
2013,HMIN,CIVIC,4,177,151-180,136
2013,HMIN,CIVIC,4,178,151-180,138
2013,HMIN,CIVIC,4,189,181-210,125
2013,HMIN,CIVIC,4,190,181-210,107
2013,HMIN,CIVIC,4,196,181-210,107
2013,HMIN,CIVIC,4,199,181-210,109
2013,HMIN,CIVIC,4,201,181-210,99
2013,HMIN,CIVIC,4,202,181-210,72
2013,HMIN,CIVIC,4,211,211-240,87
2013,HMIN,CIVIC,4,221,211-240,82
2013,HMIN,CIVIC,4,222,211-240,73
2013,HMIN,CIVIC,4,224,211-240,62
2013,HMIN,CIVIC,4,227,211-240,70
2013,HMIN,CIVIC,4,237,211-240,41
2013,HMIN,CIVIC,4,238,211-240,61
2013,HMIN,CIVIC,4,245,241-270,56
2013,HMIN,CIVIC,4,246,241-270,50
2013,HMIN,CIVIC,4,248,241-270,53
2013,HMIN,CIVIC,4,251,241-270,51
2013,HMIN,CIVIC,4,256,241-270,51
2013,HMIN,CIVIC,4,259,241-270,46
2013,HMIN,CIVIC,4,269,241-270,46
2013,HMIN,CIVIC,4,270,241-270,39
2013,HMIN,CIVIC,4,277,271-300,36
2013,HMIN,CIVIC,4,278,271-300,28
2013,HMIN,CIVIC,4,280,271-300,25
2013,HMIN,CIVIC,4,283,271-300,38
2013,HMIN,CIVIC,4,293,271-300,21
2013,HMIN,CIVIC,4,294,271-300,21
2013,HMIN,CIVIC,4,296,271-300,31
2013,HMIN,CIVIC,4,299,271-300,14
2013,HMIN,CIVIC,4,309,301-330,17
2013,HMIN,CIVIC,4,310,301-330,14
2013,HMIN,CIVIC,4,312,301-330,10
2013,HMIN,CIVIC,4,315,301-330,30
2013,HMIN,CIVIC,4,321,301-330,27
2013,HMIN,CIVIC,4,322,301-330,24
2013,HMIN,CIVIC,4,331,331-360,4
2013,HMIN,CIVIC,4,340,331-360,8
2013,HMIN,CIVIC,4,343,331-360,8
2013,HMIN,CIVIC,4,345,331-360,8
2013,HMIN,CIVIC,4,346,331-360,7
2013,HMIN,CIVIC,4,356,331-360,3
2013,HMIN,CIVIC,4,359,331-360,5
2013,HMIN,CIVIC,4,361,> 360,3
2013,HMIN,CIVIC,4,365,> 360,5
2013,HMIN,CIVIC,4,369,> 360,5
2013,HMIN,CIVIC,4,373,> 360,3
2013,HMIN,CIVIC,4,377,> 360,3
2013,HMIN,CIVIC,4,381,> 360,3
2013,HMIN,CIVIC,4,386,> 360,1
2013,HMIN,CIVIC,4,390,> 360,2
2013,HMIN,CIVIC,4,398,> 360,1
2013,HMIN,ILX,4,24,0-30,140
2013,HMIN,ILX,4,25,0-30,137
2013,HMIN,ILX,4,26,0-30,132
2013,HMIN,ILX,4,27,0-30,116
2013,HMIN,ILX,4,28,0-30,157
2013,HMIN,ILX,4,29,0-30,178
2013,HMIN,ILX,4,30,0-30,160
2013,HMIN,ILX,4,33,31-60,155
2013,HMIN,ILX,4,37,31-60,150
2013,HMIN,ILX,4,41,31-60,124
2013,HMIN,ILX,4,45,31-60,154
2013,HMIN,ILX,4,49,31-60,129
2013,HMIN,ILX,4,373,> 360,14
2013,HMIN,ILX,4,377,> 360,17
2013,HMIN,ILX,4,381,> 360,22
2013,HMIN,ILX,4,386,> 360,26
2013,HMIN,ILX,4,390,> 360,20
2013,HMIN,ILX,4,394,> 360,22
2013,HMIN,ILX,4,398,> 360,10
2013,HMIN,ILX,4,402,> 360,8
2013,HMIN,ILX,4,406,> 360,13
2013,HMIN,ILX,4,410,> 360,16
2013,HMIN,ILX,4,414,> 360,13
2013,HMIN,ILX,4,418,> 360,17
2013,HMIN,ILX,4,422,> 360,10
2013,HMIN,ILX,4,426,> 360,9
2013,HMIN,ILX,4,430,> 360,4
2013,HMIN,ILX,4,434,> 360,7
2013,HMIN,ILX,4,438,> 360,9
2013,HMIN,ILX,4,442,> 360,16
2013,HMIN,ILX,4,446,> 360,8
2013,HMIN,ILX,4,451,> 360,3
2013,HMIN,ILX,4,455,> 360,3
2013,HMIN,ILX,4,459,> 360,9
2013,HMIN,ILX,4,463,> 360,6
2013,HMIN,ILX,4,467,> 360,5
2013,HMIN,ILX,4,471,> 360,3
2013,HMIN,ILX,4,475,> 360,4
2013,HMIN,ILX,4,479,> 360,6
2013,HMIN,ILX,4,483,> 360,9
2013,HMIN,ILX,4,487,> 360,7
2013,HMIN,ILX,4,491,> 360,3
2013,HMIN,ILX,4,495,> 360,5
2013,HMIN,ILX,4,499,> 360,2
2013,HMIN,ILX,4,503,> 360,9
2013,HMIN,ILX,4,507,> 360,3
2013,HMIN,ILX,4,511,> 360,5
2013,HMIN,ILX,4,513,> 360,3
2013,HMIN,ILX,4,517,> 360,3
2013,HMIN,ILX,4,521,> 360,2
2013,HMIN,ILX,4,525,> 360,1
2013,HMIN,ILX,4,529,> 360,1
2013,HMIN,ILX,4,533,> 360,3
2013,HMIN,ILX,4,541,> 360,3
2013,HMIN,ILX,4,545,> 360,2
2013,HMIN,ILX,4,549,> 360,1
2013,HMIN,ILX,4,553,> 360,4
2013,HMIN,ILX,4,557,> 360,2
2013,HMIN,ILX,4,561,> 360,2
2013,HMIN,ILX,4,565,> 360,1
2013,HMIN,ILX,4,588,> 360,1
2013,HMIN,ILX,4,596,> 360,1
2013,MAP,ACCORD,4,0,0-30,11
2013,MAP,ACCORD,4,1,0-30,80
2013,MAP,ACCORD,4,2,0-30,236
2013,MAP,ACCORD,4,3,0-30,406
2013,MAP,ACCORD,4,4,0-30,580
2013,MAP,ACCORD,4,5,0-30,820
2013,MAP,ACCORD,4,6,0-30,1069
2013,MAP,ACCORD,4,7,0-30,1674
2013,MAP,ACCORD,4,33,31-60,4123
2013,MAP,ACCORD,4,37,31-60,3579
2013,MAP,ACCORD,4,41,31-60,2760
2013,MAP,ACCORD,4,45,31-60,2895
2013,MAP,ACCORD,4,49,31-60,2584
2013,MAP,ACCORD,4,53,31-60,2205
2013,MAP,ACCORD,4,57,31-60,1978
2013,MAP,ACCORD,4,62,61-90,1492
2013,MAP,ACCORD,4,67,61-90,1547
2013,MAP,ACCORD,4,71,61-90,1399
2013,MAP,ACCORD,4,75,61-90,1260
2013,MAP,ACCORD,4,79,61-90,1103
2013,MAP,ACCORD,4,83,61-90,855
2013,MAP,ACCORD,4,87,61-90,974
2013,MAP,ACCORD,4,93,91-120,823
2013,ELP,CRV,4,287,271-300,2
2013,ELP,CRV,4,289,271-300,7
2013,ELP,CRV,4,290,271-300,5
2013,ELP,CRV,4,300,271-300,3
2013,ELP,CRV,4,301,301-330,4
2013,ELP,CRV,4,302,301-330,7
2013,ELP,CRV,4,305,301-330,3
2013,ELP,CRV,4,306,301-330,5
2013,ELP,CRV,4,316,301-330,3
2013,ELP,CRV,4,319,301-330,2
2013,ELP,CRV,4,325,301-330,4
2013,ELP,CRV,4,326,301-330,5
2013,ELP,CRV,4,328,301-330,2
2013,ELP,CRV,4,335,331-360,1
2013,ELP,CRV,4,336,331-360,2
2013,ELP,CRV,4,339,331-360,7
2013,ELP,CRV,4,349,331-360,4
2013,ELP,CRV,4,350,331-360,2
2013,ELP,CRV,4,352,331-360,1
2013,ELP,CRV,4,355,331-360,2
2013,ELP,CRV,4,362,> 360,2
2013,ELP,CRV,4,366,> 360,2
2013,ELP,CRV,4,370,> 360,3
2013,ELP,CRV,4,378,> 360,2
2013,ELP,CRV,4,385,> 360,1
2013,ELP,CRV,4,389,> 360,2
2013,ELP,CRV,4,393,> 360,1
2013,ELP,CRV,4,429,> 360,1
2013,ELP,CRV,4,441,> 360,1
2013,ELP,CRV,4,452,> 360,1
2013,HMIN,CIVIC,4,8,0-30,845
2013,HMIN,CIVIC,4,9,0-30,880
2013,HMIN,CIVIC,4,10,0-30,1154
2013,HMIN,CIVIC,4,11,0-30,1312
2013,HMIN,CIVIC,4,12,0-30,1672
2013,HMIN,CIVIC,4,13,0-30,1632
2013,HMIN,CIVIC,4,14,0-30,2393
2013,HMIN,CIVIC,4,15,0-30,2679
2013,HMIN,CIVIC,4,31,31-60,2801
2013,HMIN,CIVIC,4,35,31-60,2399
2013,HMIN,CIVIC,4,39,31-60,2282
2013,HMIN,CIVIC,4,43,31-60,1954
2013,HMIN,CIVIC,4,47,31-60,1778
2013,HMIN,CIVIC,4,51,31-60,1592
2013,HMIN,CIVIC,4,55,31-60,1352
2013,HMIN,CIVIC,4,59,31-60,1342
2013,HMIN,CIVIC,4,65,61-90,1124
2013,HMIN,CIVIC,4,69,61-90,939
2013,HMIN,CIVIC,4,73,61-90,1056
2013,HMIN,CIVIC,4,77,61-90,892
2013,HMIN,CIVIC,4,81,61-90,831
2013,HMIN,CIVIC,4,85,61-90,741
2013,HMIN,CIVIC,4,89,61-90,714
2013,HMIN,CIVIC,4,92,91-120,624
2013,HMIN,CIVIC,4,99,91-120,635
2013,HMIN,CIVIC,4,103,91-120,487
2013,HMIN,CIVIC,4,107,91-120,480
2013,HMIN,CIVIC,4,111,91-120,444
2013,HMIN,CIVIC,4,115,91-120,426
2013,HMIN,CIVIC,4,119,91-120,420
2013,HMIN,CIVIC,4,124,121-150,379
2013,HMIN,CIVIC,4,127,121-150,327
2013,HMIN,CIVIC,4,133,121-150,331
2013,HMIN,CIVIC,4,134,121-150,325
2013,HMIN,CIVIC,4,136,121-150,311
2013,HMIN,CIVIC,4,139,121-150,250
2013,HMIN,CIVIC,4,148,121-150,249
2013,HMIN,CIVIC,4,156,151-180,203
2013,HMIN,CIVIC,4,159,151-180,227
2013,HMIN,CIVIC,4,161,151-180,196
2013,HMIN,CIVIC,4,162,151-180,194
2013,MAP,ACCORD,4,321,301-330,18
2013,MAP,ACCORD,4,322,301-330,26
2013,MAP,ACCORD,4,331,331-360,16
2013,MAP,ACCORD,4,340,331-360,7
2013,MAP,ACCORD,4,343,331-360,21
2013,MAP,ACCORD,4,345,331-360,7
2013,MAP,ACCORD,4,346,331-360,10
2013,MAP,ACCORD,4,356,331-360,13
2013,MAP,ACCORD,4,359,331-360,5
2013,MAP,ACCORD,4,363,> 360,13
2013,MAP,ACCORD,4,367,> 360,6
2013,MAP,ACCORD,4,371,> 360,11
2013,MAP,ACCORD,4,375,> 360,13
2013,MAP,ACCORD,4,379,> 360,4
2013,MAP,ACCORD,4,383,> 360,10
2013,MAP,ACCORD,4,384,> 360,9
2013,MAP,ACCORD,4,388,> 360,12
2013,MAP,ACCORD,4,392,> 360,4
2013,MAP,ACCORD,4,396,> 360,12
2013,MAP,ACCORD,4,400,> 360,9
2013,MAP,ACCORD,4,404,> 360,7
2013,MAP,ACCORD,4,408,> 360,8
2013,MAP,ACCORD,4,412,> 360,1
2013,MAP,ACCORD,4,416,> 360,6
2013,MAP,ACCORD,4,420,> 360,6
2013,MAP,ACCORD,4,424,> 360,5
2013,MAP,ACCORD,4,428,> 360,3
2013,MAP,ACCORD,4,432,> 360,1
2013,MAP,ACCORD,4,436,> 360,3
2013,MAP,ACCORD,4,440,> 360,2
2013,MAP,ACCORD,4,444,> 360,1
2013,MAP,ACCORD,4,449,> 360,3
2013,MAP,ACCORD,4,453,> 360,1
2013,MAP,ACCORD,4,481,> 360,1
2013,HMIN,ILX,4,53,31-60,116
2013,HMIN,ILX,4,57,31-60,147
2013,HMIN,ILX,4,62,61-90,93
2013,HMIN,ILX,4,67,61-90,100
2013,HMIN,ILX,4,71,61-90,120
2013,HMIN,ILX,4,75,61-90,122
2013,HMIN,ILX,4,79,61-90,93
2013,HMIN,ILX,4,83,61-90,92
2013,HMIN,ILX,4,87,61-90,122
2013,HMIN,ILX,4,91,91-120,98
2013,HMIN,ILX,4,95,91-120,74
2013,HMIN,ILX,4,96,91-120,93
2013,HMIN,ILX,4,100,91-120,85
2013,HMIN,ILX,4,104,91-120,62
2013,HMIN,ILX,4,108,91-120,84
2013,HMIN,ILX,4,112,91-120,71
2013,HMIN,ILX,4,116,91-120,88
2013,HMIN,ILX,4,120,91-120,77
2013,HMIN,ILX,4,123,121-150,81
2013,HMIN,ILX,4,129,121-150,72
2013,HMIN,ILX,4,130,121-150,86
2013,HMIN,ILX,4,140,121-150,85
2013,HMIN,ILX,4,143,121-150,85
2013,HMIN,ILX,4,144,121-150,66
2013,HMIN,ILX,4,147,121-150,71
2013,HMIN,ILX,4,152,151-180,81
2013,HMIN,ILX,4,155,151-180,60
2013,HMIN,ILX,4,165,151-180,77
2013,HMIN,ILX,4,166,151-180,68
2013,HMIN,ILX,4,168,151-180,58
2013,HMIN,ILX,4,171,151-180,72
2013,HMIN,ILX,4,180,151-180,46
2013,HMIN,ILX,4,181,181-210,43
2013,HMIN,ILX,4,182,181-210,54
2013,HMIN,ILX,4,184,181-210,59
2013,HMIN,ILX,4,187,181-210,67
2013,HMIN,ILX,4,193,181-210,61
2013,HMIN,ILX,4,194,181-210,56
2013,HMIN,ILX,4,204,181-210,59
2013,HMIN,ILX,4,207,181-210,57
2013,HMIN,ILX,4,208,181-210,64
2013,HMIN,ILX,4,213,211-240,64
2013,HMIN,ILX,4,214,211-240,60
2013,HMIN,ILX,4,216,211-240,57
2013,HMIN,ILX,4,219,211-240,67
2013,HMIN,ILX,4,229,211-240,49
2013,HMIN,ILX,4,230,211-240,43
2013,HMIN,ILX,4,232,211-240,53
2013,HMIN,ILX,4,235,211-240,51
2013,HMIN,ILX,4,243,241-270,53
2013,HMIN,ILX,4,253,241-270,43
2013,HMIN,ILX,4,254,241-270,42
2013,HMIN,ILX,4,261,241-270,58
2013,HMIN,ILX,4,262,241-270,42
2013,HMIN,ILX,4,264,241-270,48
2013,HMIN,ILX,4,267,241-270,47
2013,HMIN,ILX,4,271,271-300,42
2013,HMIN,ILX,4,272,271-300,22
2013,HMIN,ILX,4,275,271-300,38
2013,HMIN,ILX,4,285,271-300,29
2013,HMIN,ILX,4,286,271-300,30
2013,HMIN,ILX,4,288,271-300,37
2013,HMIN,ILX,4,291,271-300,30
2013,HMIN,ILX,4,303,301-330,20
2013,HMIN,ILX,4,304,301-330,40
2013,HMIN,ILX,4,307,301-330,23
2013,HMIN,ILX,4,317,301-330,30
2013,HMIN,ILX,4,318,301-330,32
2013,HMIN,ILX,4,324,301-330,25
2013,HMIN,ILX,4,327,301-330,27
2013,HMIN,ILX,4,329,301-330,24
2013,HMIN,ILX,4,330,301-330,21
2013,MAP,ACCORD,4,98,91-120,846
2013,MAP,ACCORD,4,102,91-120,743
2013,MAP,ACCORD,4,106,91-120,674
2013,MAP,ACCORD,4,110,91-120,568
2013,MAP,ACCORD,4,114,91-120,558
2013,MAP,ACCORD,4,118,91-120,477
2013,MAP,ACCORD,4,124,121-150,462
2013,MAP,ACCORD,4,127,121-150,477
2013,MAP,ACCORD,4,133,121-150,459
2013,MAP,ACCORD,4,134,121-150,402
2013,MAP,ACCORD,4,136,121-150,446
2013,MAP,ACCORD,4,139,121-150,327
2013,MAP,ACCORD,4,148,121-150,346
2013,MAP,ACCORD,4,156,151-180,251
2013,MAP,ACCORD,4,159,151-180,303
2013,MAP,ACCORD,4,161,151-180,250
2013,MAP,ACCORD,4,162,151-180,270
2013,MAP,ACCORD,4,172,151-180,245
2013,MAP,ACCORD,4,175,151-180,206
2013,MAP,ACCORD,4,176,151-180,211
2013,MAP,ACCORD,4,179,151-180,209
2013,MAP,ACCORD,4,188,181-210,140
2013,MAP,ACCORD,4,191,181-210,148
2013,MAP,ACCORD,4,197,181-210,164
2013,MAP,ACCORD,4,198,181-210,159
2013,MAP,ACCORD,4,200,181-210,160
2013,MAP,ACCORD,4,203,181-210,150
2013,MAP,ACCORD,4,220,211-240,107
2013,MAP,ACCORD,4,223,211-240,99
2013,MAP,ACCORD,4,225,211-240,106
2013,MAP,ACCORD,4,226,211-240,98
2013,MAP,ACCORD,4,236,211-240,75
2013,MAP,ACCORD,4,239,211-240,87
2013,MAP,ACCORD,4,240,211-240,85
2013,MAP,ACCORD,4,244,241-270,50
2013,MAP,ACCORD,4,247,241-270,53
2013,MAP,ACCORD,4,249,241-270,52
2013,MAP,ACCORD,4,250,241-270,85
2013,MAP,ACCORD,4,257,241-270,68
2013,MAP,ACCORD,4,258,241-270,39
2013,MAP,ACCORD,4,268,241-270,50
2013,MAP,ACCORD,4,276,271-300,54
2013,MAP,ACCORD,4,279,271-300,25
2013,MAP,ACCORD,4,281,271-300,39
2013,MAP,ACCORD,4,282,271-300,31
2013,MAP,ACCORD,4,292,271-300,39
2013,MAP,ACCORD,4,295,271-300,22
2013,MAP,ACCORD,4,297,271-300,25
2013,MAP,ACCORD,4,298,271-300,29
2013,MAP,ACCORD,4,308,301-330,26
2013,MAP,ACCORD,4,311,301-330,22
2013,MAP,ACCORD,4,313,301-330,17
2013,MAP,ACCORD,4,314,301-330,8
2013,MAP,ACCORD,4,320,301-330,20
2013,MAP,ACCORD,4,323,301-330,19
2013,MAP,ACCORD,4,341,331-360,23
2013,MAP,ACCORD,4,342,331-360,10
2013,MAP,ACCORD,4,344,331-360,20
2013,MAP,ACCORD,4,347,331-360,10
2013,MAP,ACCORD,4,357,331-360,14
2013,MAP,ACCORD,4,358,331-360,11
2013,MAP,ACCORD,4,360,331-360,7
2013,MAP,ACCORD,4,364,> 360,6
2013,MAP,ACCORD,4,368,> 360,16
2013,MAP,ACCORD,4,372,> 360,10
2013,MAP,ACCORD,4,376,> 360,13
2013,MAP,ACCORD,4,380,> 360,12
2013,MAP,ACCORD,4,387,> 360,3
2013,MAP,ACCORD,4,391,> 360,10
2013,HMIN,CIVIC,4,172,151-180,161
2013,HMIN,CIVIC,4,175,151-180,144
2013,HMIN,CIVIC,4,176,151-180,162
2013,HMIN,CIVIC,4,179,151-180,160
2013,HMIN,CIVIC,4,188,181-210,121
2013,HMIN,CIVIC,4,191,181-210,119
2013,HMIN,CIVIC,4,197,181-210,103
2013,HMIN,CIVIC,4,198,181-210,96
2013,HMIN,CIVIC,4,200,181-210,83
2013,HMIN,CIVIC,4,203,181-210,81
2013,HMIN,CIVIC,4,220,211-240,76
2013,HMIN,CIVIC,4,223,211-240,79
2013,HMIN,CIVIC,4,225,211-240,69
2013,HMIN,CIVIC,4,226,211-240,64
2013,HMIN,CIVIC,4,236,211-240,59
2013,HMIN,CIVIC,4,239,211-240,56
2013,HMIN,CIVIC,4,240,211-240,65
2013,HMIN,CIVIC,4,244,241-270,56
2013,HMIN,CIVIC,4,247,241-270,55
2013,HMIN,CIVIC,4,249,241-270,42
2013,HMIN,CIVIC,4,250,241-270,40
2013,HMIN,CIVIC,4,257,241-270,50
2013,HMIN,CIVIC,4,258,241-270,38
2013,HMIN,CIVIC,4,268,241-270,48
2013,HMIN,CIVIC,4,276,271-300,25
2013,HMIN,CIVIC,4,279,271-300,20
2013,HMIN,CIVIC,4,281,271-300,24
2013,HMIN,CIVIC,4,282,271-300,29
2013,HMIN,CIVIC,4,292,271-300,23
2013,HMIN,CIVIC,4,295,271-300,21
2013,HMIN,CIVIC,4,297,271-300,21
2013,HMIN,CIVIC,4,298,271-300,19
2013,HMIN,CIVIC,4,308,301-330,8
2013,HMIN,CIVIC,4,311,301-330,14
2013,HMIN,CIVIC,4,313,301-330,30
2013,HMIN,CIVIC,4,314,301-330,26
2013,HMIN,CIVIC,4,320,301-330,36
2013,HMIN,CIVIC,4,323,301-330,21
2013,HMIN,CIVIC,4,341,331-360,10
2013,HMIN,CIVIC,4,342,331-360,9
2013,HMIN,CIVIC,4,344,331-360,8
2013,HMIN,CIVIC,4,347,331-360,13
2013,HMIN,CIVIC,4,357,331-360,6
2013,HMIN,CIVIC,4,358,331-360,7
2013,HMIN,CIVIC,4,360,331-360,4
2013,HMIN,CIVIC,4,362,> 360,5
2013,HMIN,CIVIC,4,366,> 360,7
2013,HMIN,CIVIC,4,370,> 360,4
2013,HMIN,CIVIC,4,374,> 360,3
2013,HMIN,CIVIC,4,378,> 360,5
2013,HMIN,CIVIC,4,382,> 360,5
2013,HMIN,CIVIC,4,385,> 360,3
2013,HMIN,ILX,4,0,0-30,1
2013,HMIN,ILX,4,1,0-30,1
2013,HMIN,ILX,4,2,0-30,2
2013,HMIN,ILX,4,3,0-30,4
2013,HMIN,ILX,4,4,0-30,6
2013,HMIN,ILX,4,5,0-30,14
2013,HMIN,ILX,4,6,0-30,10
2013,HMIN,ILX,4,7,0-30,25
2013,HMIN,ILX,4,34,31-60,123
2013,HMIN,ILX,4,38,31-60,140
2013,HMIN,ILX,4,42,31-60,126
2013,HMIN,ILX,4,46,31-60,145
2013,HMIN,ILX,4,50,31-60,121
2013,HMIN,ILX,4,54,31-60,132
2013,HMIN,ILX,4,58,31-60,112
2013,HMIN,ILX,4,61,61-90,116
2013,HMIN,ILX,4,64,61-90,105
2013,HMIN,ILX,4,68,61-90,106
2013,HMIN,ILX,4,333,331-360,28
2013,HMIN,ILX,4,334,331-360,22
2013,HMIN,ILX,4,337,331-360,23
2013,HMIN,ILX,4,338,331-360,26
2013,HMIN,ILX,4,348,331-360,37
2013,HMIN,ILX,4,351,331-360,25
2013,HMIN,ILX,4,353,331-360,22
2013,HMIN,ILX,4,354,331-360,21
2013,HMIN,ILX,4,364,> 360,24
2013,HMIN,ILX,4,368,> 360,30
2013,HMIN,ILX,4,372,> 360,18
2013,HMIN,ILX,4,376,> 360,23
2013,HMIN,ILX,4,380,> 360,18
2013,HMIN,ILX,4,387,> 360,22
2013,HMIN,ILX,4,391,> 360,25
2013,HMIN,ILX,4,395,> 360,8
2013,HMIN,ILX,4,399,> 360,17
2013,HMIN,ILX,4,403,> 360,15
2013,HMIN,ILX,4,407,> 360,18
2013,HMIN,ILX,4,411,> 360,20
2013,HMIN,ILX,4,415,> 360,11
2013,HMIN,ILX,4,419,> 360,12
2013,HMIN,ILX,4,423,> 360,12
2013,HMIN,ILX,4,427,> 360,7
2013,HMIN,ILX,4,431,> 360,8
2013,HMIN,ILX,4,435,> 360,10
2013,HMIN,ILX,4,439,> 360,10
2013,HMIN,ILX,4,443,> 360,11
2013,HMIN,ILX,4,447,> 360,8
2013,HMIN,ILX,4,450,> 360,11
2013,HMIN,ILX,4,454,> 360,9
2013,HMIN,ILX,4,458,> 360,7
2013,HMIN,ILX,4,462,> 360,7
2013,HMIN,ILX,4,466,> 360,10
2013,HMIN,ILX,4,470,> 360,9
2013,HMIN,ILX,4,474,> 360,9
2013,HMIN,ILX,4,478,> 360,6
2013,HMIN,ILX,4,482,> 360,3
2013,HMIN,ILX,4,486,> 360,3
2013,HMIN,ILX,4,490,> 360,8
2013,HMIN,ILX,4,494,> 360,10
2013,HMIN,ILX,4,498,> 360,12
2013,HMIN,ILX,4,502,> 360,5
2013,HMIN,ILX,4,506,> 360,3
2013,HMIN,ILX,4,510,> 360,3
2013,HMIN,ILX,4,512,> 360,9
2013,HMIN,ILX,4,516,> 360,1
2013,HMIN,ILX,4,520,> 360,2
2013,HMIN,ILX,4,524,> 360,3
2013,HMIN,ILX,4,528,> 360,2
2013,HMIN,ILX,4,536,> 360,1
2013,HMIN,ILX,4,544,> 360,4
2013,HMIN,ILX,4,548,> 360,1
2013,HMIN,ILX,4,556,> 360,4
2013,HMIN,ILX,4,572,> 360,1
2013,HMIN,ILX,4,581,> 360,1
2013,HMIN,ILX,4,585,> 360,1
2013,HMIN,ILX,4,589,> 360,1
2013,HMIN,ILX,4,597,> 360,1
2013,MAP,ACCORD,4,8,0-30,2372
2013,MAP,ACCORD,4,9,0-30,2912
2013,MAP,ACCORD,4,10,0-30,3671
2013,MAP,ACCORD,4,11,0-30,4562
2013,MAP,ACCORD,4,12,0-30,5080
2013,MAP,ACCORD,4,13,0-30,5200
2013,MAP,ACCORD,4,14,0-30,6436
2013,MAP,ACCORD,4,15,0-30,6783
2013,MAP,ACCORD,4,32,31-60,4422
2013,MAP,ACCORD,4,36,31-60,3719
2013,MAP,ACCORD,4,40,31-60,3144
2013,MAP,ACCORD,4,44,31-60,2810
2013,MAP,ACCORD,4,48,31-60,2265
2013,MAP,ACCORD,4,395,> 360,9
2013,MAP,ACCORD,4,399,> 360,6
2013,MAP,ACCORD,4,403,> 360,6
2013,MAP,ACCORD,4,407,> 360,5
2013,MAP,ACCORD,4,411,> 360,6
2013,MAP,ACCORD,4,415,> 360,3
2013,MAP,ACCORD,4,419,> 360,6
2013,MAP,ACCORD,4,423,> 360,6
2013,MAP,ACCORD,4,427,> 360,3
2013,MAP,ACCORD,4,431,> 360,1
2013,MAP,ACCORD,4,435,> 360,4
2013,MAP,ACCORD,4,439,> 360,4
2013,MAP,ACCORD,4,443,> 360,3
2013,MAP,ACCORD,4,447,> 360,4
2013,MAP,ACCORD,4,450,> 360,1
2013,MAP,ACCORD,4,454,> 360,2
2013,MAP,ACCORD,4,462,> 360,2
2013,MAP,ACCORD,4,470,> 360,1
2013,MAP,ACCORD,4,474,> 360,2
2013,MAP,ACCORD,4,478,> 360,1
2013,MAP,ACCORD,4,482,> 360,2
2013,HMIN,ILX,4,72,61-90,98
2013,HMIN,ILX,4,76,61-90,88
2013,HMIN,ILX,4,80,61-90,97
2013,HMIN,ILX,4,84,61-90,102
2013,HMIN,ILX,4,88,61-90,97
2013,HMIN,ILX,4,94,91-120,80
2013,HMIN,ILX,4,97,91-120,99
2013,HMIN,ILX,4,101,91-120,95
2013,HMIN,ILX,4,105,91-120,101
2013,HMIN,ILX,4,109,91-120,91
2013,HMIN,ILX,4,113,91-120,84
2013,HMIN,ILX,4,117,91-120,75
2013,HMIN,ILX,4,121,121-150,78
2013,HMIN,ILX,4,122,121-150,82
2013,HMIN,ILX,4,128,121-150,72
2013,HMIN,ILX,4,131,121-150,74
2013,HMIN,ILX,4,141,121-150,75
2013,HMIN,ILX,4,142,121-150,69
2013,HMIN,ILX,4,145,121-150,72
2013,HMIN,ILX,4,146,121-150,64
2013,HMIN,ILX,4,151,151-180,74
2013,HMIN,ILX,4,153,151-180,53
2013,HMIN,ILX,4,154,151-180,78
2013,HMIN,ILX,4,164,151-180,63
2013,HMIN,ILX,4,167,151-180,50
2013,HMIN,ILX,4,169,151-180,65
2013,HMIN,ILX,4,170,151-180,61
2013,HMIN,ILX,4,183,181-210,63
2013,HMIN,ILX,4,185,181-210,62
2013,HMIN,ILX,4,186,181-210,61
2013,HMIN,ILX,4,192,181-210,56
2013,HMIN,ILX,4,195,181-210,61
2013,HMIN,ILX,4,205,181-210,55
2013,HMIN,ILX,4,206,181-210,55
2013,HMIN,ILX,4,209,181-210,41
2013,HMIN,ILX,4,210,181-210,58
2013,HMIN,ILX,4,212,211-240,48
2013,HMIN,ILX,4,215,211-240,50
2013,HMIN,ILX,4,217,211-240,51
2013,HMIN,ILX,4,218,211-240,69
2013,HMIN,ILX,4,228,211-240,57
2013,HMIN,ILX,4,231,211-240,47
2013,HMIN,ILX,4,233,211-240,57
2013,HMIN,ILX,4,234,211-240,63
2013,HMIN,ILX,4,241,241-270,57
2013,HMIN,ILX,4,242,241-270,43
2013,HMIN,ILX,4,252,241-270,60
2013,HMIN,ILX,4,255,241-270,54
2013,HMIN,ILX,4,260,241-270,36
2013,HMIN,ILX,4,263,241-270,58
2013,HMIN,ILX,4,265,241-270,42
2013,HMIN,ILX,4,266,241-270,34
2013,HMIN,ILX,4,273,271-300,26
2013,HMIN,ILX,4,274,271-300,28
2013,HMIN,ILX,4,284,271-300,41
2013,HMIN,ILX,4,287,271-300,35
2013,HMIN,ILX,4,289,271-300,23
2013,HMIN,ILX,4,290,271-300,31
2013,HMIN,ILX,4,300,271-300,21
2013,HMIN,ILX,4,301,301-330,28
2013,HMIN,ILX,4,302,301-330,26
2013,HMIN,ILX,4,305,301-330,33
2013,HMIN,ILX,4,306,301-330,27
2013,HMIN,ILX,4,316,301-330,25
2013,HMIN,ILX,4,319,301-330,22
2013,HMIN,ILX,4,325,301-330,24
2013,HMIN,ILX,4,326,301-330,23
2013,HMIN,ILX,4,328,301-330,13
2013,HMIN,ILX,4,332,331-360,22
2013,HMIN,ILX,4,335,331-360,22
2013,HMIN,ILX,4,336,331-360,25
2013,HMIN,ILX,4,339,331-360,24
2013,MAP,ACCORD,4,52,31-60,2254
2013,MAP,ACCORD,4,56,31-60,2101
2013,MAP,ACCORD,4,60,31-60,1800
2013,MAP,ACCORD,4,63,61-90,1732
2013,MAP,ACCORD,4,66,61-90,1525
2013,MAP,ACCORD,4,70,61-90,1437
2013,MAP,ACCORD,4,74,61-90,1313
2013,MAP,ACCORD,4,78,61-90,1192
2013,MAP,ACCORD,4,82,61-90,1130
2013,MAP,ACCORD,4,86,61-90,992
2013,MAP,ACCORD,4,90,61-90,736
2013,MAP,ACCORD,4,94,91-120,884
2013,MAP,ACCORD,4,97,91-120,709
2013,MAP,ACCORD,4,101,91-120,725
2013,MAP,ACCORD,4,105,91-120,723
2013,MAP,ACCORD,4,109,91-120,657
2013,MAP,ACCORD,4,113,91-120,666
2013,MAP,ACCORD,4,117,91-120,537
2013,MAP,ACCORD,4,121,121-150,513
2013,MAP,ACCORD,4,122,121-150,507
2013,MAP,ACCORD,4,128,121-150,464
2013,MAP,ACCORD,4,131,121-150,416
2013,MAP,ACCORD,4,141,121-150,390
2013,MAP,ACCORD,4,142,121-150,355
2013,MAP,ACCORD,4,145,121-150,349
2013,MAP,ACCORD,4,146,121-150,329
2013,MAP,ACCORD,4,151,151-180,335
2013,MAP,ACCORD,4,153,151-180,262
2013,MAP,ACCORD,4,154,151-180,307
2013,MAP,ACCORD,4,164,151-180,242
2013,MAP,ACCORD,4,167,151-180,221
2013,MAP,ACCORD,4,169,151-180,238
2013,MAP,ACCORD,4,170,151-180,230
2013,MAP,ACCORD,4,183,181-210,186
2013,MAP,ACCORD,4,185,181-210,172
2013,MAP,ACCORD,4,186,181-210,176
2013,MAP,ACCORD,4,192,181-210,175
2013,MAP,ACCORD,4,195,181-210,125
2013,MAP,ACCORD,4,205,181-210,142
2013,MAP,ACCORD,4,206,181-210,135
2013,MAP,ACCORD,4,209,181-210,109
2013,MAP,ACCORD,4,210,181-210,143
2013,MAP,ACCORD,4,212,211-240,109
2013,MAP,ACCORD,4,215,211-240,108
2013,MAP,ACCORD,4,217,211-240,107
2013,MAP,ACCORD,4,218,211-240,112
2013,MAP,ACCORD,4,228,211-240,91
2013,MAP,ACCORD,4,231,211-240,95
2013,MAP,ACCORD,4,233,211-240,78
2013,MAP,ACCORD,4,234,211-240,93
2013,MAP,ACCORD,4,241,241-270,91
2013,MAP,ACCORD,4,242,241-270,63
2013,MAP,ACCORD,4,252,241-270,54
2013,MAP,ACCORD,4,255,241-270,65
2013,MAP,ACCORD,4,260,241-270,53
2013,MAP,ACCORD,4,263,241-270,59
2013,MAP,ACCORD,4,265,241-270,39
2013,MAP,ACCORD,4,266,241-270,47
2013,MAP,ACCORD,4,273,271-300,38
2013,MAP,ACCORD,4,274,271-300,45
2013,MAP,ACCORD,4,284,271-300,40
2013,MAP,ACCORD,4,287,271-300,35
2013,MAP,ACCORD,4,289,271-300,41
2013,MAP,ACCORD,4,290,271-300,37
2013,MAP,ACCORD,4,300,271-300,33
2013,MAP,ACCORD,4,301,301-330,34
2013,MAP,ACCORD,4,302,301-330,22
2013,MAP,ACCORD,4,305,301-330,24
2013,MAP,ACCORD,4,306,301-330,25
2013,HMIN,ILX,4,349,331-360,15
2013,HMIN,ILX,4,350,331-360,16
2013,HMIN,ILX,4,352,331-360,28
2013,HMIN,ILX,4,355,331-360,22
2013,HMIN,ILX,4,363,> 360,21
2013,HMIN,ILX,4,367,> 360,16
2013,HMIN,ILX,4,371,> 360,20
2013,HMIN,ILX,4,375,> 360,20
2013,HMIN,ILX,4,379,> 360,25
2013,HMIN,ILX,4,383,> 360,17
2013,HMIN,ILX,4,384,> 360,27
2013,HMIN,ILX,4,388,> 360,16
2013,HMIN,ILX,4,392,> 360,18
2013,HMIN,ILX,4,396,> 360,9
2013,HMIN,ILX,4,400,> 360,7
2013,HMIN,ILX,4,404,> 360,16
2013,HMIN,ILX,4,408,> 360,9
2013,HMIN,ILX,4,412,> 360,15
2013,HMIN,ILX,4,416,> 360,10
2013,HMIN,ILX,4,420,> 360,15
2013,HMIN,ILX,4,424,> 360,10
2013,HMIN,ILX,4,428,> 360,5
2013,HMIN,ILX,4,432,> 360,9
2013,HMIN,ILX,4,436,> 360,11
2013,HMIN,ILX,4,440,> 360,6
2013,HMIN,ILX,4,444,> 360,7
2013,HMIN,ILX,4,449,> 360,5
2013,HMIN,ILX,4,453,> 360,10
2013,HMIN,ILX,4,457,> 360,4
2013,HMIN,ILX,4,461,> 360,8
2013,HMIN,ILX,4,465,> 360,8
2013,HMIN,ILX,4,469,> 360,8
2013,HMIN,ILX,4,473,> 360,9
2013,HMIN,ILX,4,477,> 360,8
2013,HMIN,ILX,4,481,> 360,7
2013,HMIN,ILX,4,485,> 360,5
2013,HMIN,ILX,4,489,> 360,4
2013,HMIN,ILX,4,493,> 360,3
2013,HMIN,ILX,4,497,> 360,6
2013,HMIN,ILX,4,501,> 360,4
2013,HMIN,ILX,4,509,> 360,2
2013,HMIN,ILX,4,515,> 360,5
2013,HMIN,ILX,4,519,> 360,1
2013,HMIN,ILX,4,523,> 360,2
2013,HMIN,ILX,4,527,> 360,2
2013,HMIN,ILX,4,531,> 360,5
2013,HMIN,ILX,4,535,> 360,2
2013,HMIN,ILX,4,539,> 360,1
2013,HMIN,ILX,4,547,> 360,1
2013,HMIN,ILX,4,551,> 360,1
2013,HMIN,ILX,4,555,> 360,1
2013,HMIN,ILX,4,559,> 360,3
2013,HMIN,ILX,4,563,> 360,3
2013,HMIN,ILX,4,567,> 360,1
2013,HMIN,ILX,4,578,> 360,2
2013,HMIN,ILX,4,582,> 360,2
2013,MAP,ACCORD,4,16,0-30,6862
2013,MAP,ACCORD,4,17,0-30,7208
2013,MAP,ACCORD,4,18,0-30,7172
2013,MAP,ACCORD,4,19,0-30,6528
2013,MAP,ACCORD,4,20,0-30,5710
2013,MAP,ACCORD,4,21,0-30,6340
2013,MAP,ACCORD,4,22,0-30,6341
2013,MAP,ACCORD,4,23,0-30,5889
2013,MAP,ACCORD,4,31,31-60,4542
2013,MAP,ACCORD,4,35,31-60,3850
2013,MAP,ACCORD,4,39,31-60,3401
2013,MAP,ACCORD,4,43,31-60,3004
2013,MAP,ACCORD,4,47,31-60,2566
2013,MAP,ACCORD,4,51,31-60,2287
2013,MAP,ACCORD,4,55,31-60,1770
2013,MAP,ACCORD,4,59,31-60,1872
2013,MAP,ACCORD,4,65,61-90,1482
2013,MAP,ACCORD,4,69,61-90,1218
2013,MAP,ACCORD,4,73,61-90,1314
2013,MAP,ACCORD,4,77,61-90,1160
2013,MAP,ACCORD,4,81,61-90,1065
2013,MAP,ACCORD,4,85,61-90,1041
2013,MAP,ACCORD,4,89,61-90,906
2013,MAP,ACCORD,4,91,91-120,839
2013,MAP,ACCORD,4,95,91-120,831
2013,MAP,ACCORD,4,96,91-120,783
2013,MAP,ACCORD,4,100,91-120,734
2013,MAP,ACCORD,4,104,91-120,591
2013,MAP,ACCORD,4,108,91-120,679
2013,MAP,ACCORD,4,112,91-120,649
2013,MAP,ACCORD,4,116,91-120,605
2013,MAP,ACCORD,4,120,91-120,539
2013,MAP,ACCORD,4,123,121-150,494
2013,MAP,ACCORD,4,129,121-150,439
2013,MAP,ACCORD,4,130,121-150,455
2013,MAP,ACCORD,4,140,121-150,391
2013,MAP,ACCORD,4,143,121-150,372
2013,MAP,ACCORD,4,144,121-150,365
2013,MAP,ACCORD,4,147,121-150,328
2013,MAP,ACCORD,4,152,151-180,316
2013,MAP,ACCORD,4,155,151-180,303
2013,MAP,ACCORD,4,165,151-180,265
2013,MAP,ACCORD,4,166,151-180,241
2013,MAP,ACCORD,4,168,151-180,224
2013,MAP,ACCORD,4,171,151-180,237
2013,MAP,ACCORD,4,180,151-180,161
2013,MAP,ACCORD,4,181,181-210,161
2013,MAP,ACCORD,4,182,181-210,161
2013,MAP,ACCORD,4,184,181-210,163
2013,MAP,ACCORD,4,187,181-210,184
2013,MAP,ACCORD,4,193,181-210,157
2013,MAP,ACCORD,4,194,181-210,163
2013,MAP,ACCORD,4,204,181-210,142
2013,MAP,ACCORD,4,207,181-210,135
2013,MAP,ACCORD,4,208,181-210,125
2013,MAP,ACCORD,4,213,211-240,110
2013,MAP,ACCORD,4,214,211-240,118
2013,MAP,ACCORD,4,216,211-240,97
2013,MAP,ACCORD,4,219,211-240,106
2013,MAP,ACCORD,4,229,211-240,80
2013,MAP,ACCORD,4,230,211-240,94
2013,MAP,ACCORD,4,232,211-240,104
2013,MAP,ACCORD,4,235,211-240,83
2013,MAP,ACCORD,4,243,241-270,80
2013,MAP,ACCORD,4,253,241-270,58
2013,MAP,ACCORD,4,254,241-270,66
2013,MAP,ACCORD,4,261,241-270,52
2013,MAP,ACCORD,4,262,241-270,54
2013,MAP,ACCORD,4,264,241-270,51
2013,MAP,ACCORD,4,267,241-270,43
2013,MAP,ACCORD,4,271,271-300,38
2013,MAP,ACCORD,4,272,271-300,34
2013,MAP,ACCORD,4,275,271-300,42
2013,MAP,ACCORD,4,285,271-300,32
2013,MAP,ACCORD,4,286,271-300,29
2013,MAP,ACCORD,4,288,271-300,26
2013,MAP,ACCORD,4,291,271-300,41
2013,MAP,ACCORD,4,303,301-330,26
2013,MAP,ACCORD,4,304,301-330,37
2013,MAP,ACCORD,4,307,301-330,27
2013,MAP,ACCORD,4,317,301-330,10
2013,MAP,ACCORD,4,318,301-330,19
2013,MAP,ACCORD,4,324,301-330,17
2013,MAP,ACCORD,4,327,301-330,26
2013,MAP,ACCORD,4,329,301-330,14
2013,MAP,ACCORD,4,316,301-330,26
2013,MAP,ACCORD,4,319,301-330,22
2013,MAP,ACCORD,4,325,301-330,19
2013,MAP,ACCORD,4,326,301-330,13
2013,MAP,ACCORD,4,328,301-330,15
2013,MAP,ACCORD,4,332,331-360,13
2013,MAP,ACCORD,4,335,331-360,9
2013,MAP,ACCORD,4,336,331-360,14
2013,MAP,ACCORD,4,339,331-360,19
2013,MAP,ACCORD,4,349,331-360,14
2013,MAP,ACCORD,4,350,331-360,10
2013,MAP,ACCORD,4,352,331-360,10
2013,MAP,ACCORD,4,355,331-360,13
2013,MAP,ACCORD,4,361,> 360,16
2013,MAP,ACCORD,4,365,> 360,15
2013,MAP,ACCORD,4,369,> 360,7
2013,MAP,ACCORD,4,373,> 360,6
2013,MAP,ACCORD,4,377,> 360,12
2013,MAP,ACCORD,4,381,> 360,19
2013,MAP,ACCORD,4,386,> 360,3
2013,MAP,ACCORD,4,390,> 360,6
2013,MAP,ACCORD,4,394,> 360,3
2013,MAP,ACCORD,4,398,> 360,6
2013,MAP,ACCORD,4,402,> 360,4
2013,MAP,ACCORD,4,406,> 360,5
2013,MAP,ACCORD,4,410,> 360,5
2013,MAP,ACCORD,4,414,> 360,5
2013,MAP,ACCORD,4,418,> 360,3
2013,MAP,ACCORD,4,422,> 360,2
2013,MAP,ACCORD,4,426,> 360,2
2013,MAP,ACCORD,4,434,> 360,5
2013,MAP,ACCORD,4,438,> 360,3
2013,MAP,ACCORD,4,442,> 360,3
2013,MAP,ACCORD,4,446,> 360,3
2013,MAP,ACCORD,4,455,> 360,1
2013,MAP,ACCORD,4,459,> 360,1
2013,MAP,ACCORD,4,463,> 360,1
2013,MAP,ACCORD,4,483,> 360,1
2013,MAP,ACCORD,4,330,301-330,9
2013,MAP,ACCORD,4,333,331-360,18
2013,MAP,ACCORD,4,334,331-360,14
2013,MAP,ACCORD,4,337,331-360,11
2013,MAP,ACCORD,4,338,331-360,11
2013,MAP,ACCORD,4,348,331-360,12
2013,MAP,ACCORD,4,351,331-360,6
2013,MAP,ACCORD,4,353,331-360,16
2013,MAP,ACCORD,4,354,331-360,17
2013,MAP,ACCORD,4,362,> 360,7
2013,MAP,ACCORD,4,366,> 360,11
2013,MAP,ACCORD,4,370,> 360,7
2013,MAP,ACCORD,4,374,> 360,11
2013,MAP,ACCORD,4,378,> 360,7
2013,MAP,ACCORD,4,382,> 360,10
2013,MAP,ACCORD,4,385,> 360,5
2013,MAP,ACCORD,4,389,> 360,8
2013,MAP,ACCORD,4,393,> 360,5
2013,MAP,ACCORD,4,401,> 360,8
2013,MAP,ACCORD,4,405,> 360,8
2013,MAP,ACCORD,4,409,> 360,5
2013,MAP,ACCORD,4,413,> 360,5
2013,MAP,ACCORD,4,417,> 360,1
2013,MAP,ACCORD,4,421,> 360,4
2013,MAP,ACCORD,4,425,> 360,2
2013,MAP,ACCORD,4,429,> 360,2
2013,MAP,ACCORD,4,433,> 360,2
2013,MAP,ACCORD,4,437,> 360,3
2013,MAP,ACCORD,4,441,> 360,1
2013,MAP,ACCORD,4,445,> 360,2
2013,MAP,ACCORD,4,448,> 360,2
2013,MAP,ACCORD,4,460,> 360,1
2013,MAP,ACCORD,4,464,> 360,3
2013,MAP,ACCORD,4,468,> 360,1
2013,MAP,ACCORD,4,476,> 360,1
2013,MAP,ACCORD,4,480,> 360,1
2013,MAP,ACCORD,4,484,> 360,1
2013,MAP,ACCORD,4,488,> 360,1
2013,MAP,ACCORD,4,496,> 360,1
